{
  "threshold_mse": 0.003595009450591904,
  "val_size": 1,
  "val_err_mean": 0.003595009446144104,
  "val_err_p99": 0.003595009446144104,
  "val_err_p995": null,
  "val_err_median": 0.003595009446144104,
  "val_err_mad": 0.0,
  "best_val_loss": 0.02499251626431942,
  "note": "threshold = max(P99.5, median + 3*1.4826*MAD) (ใช้ P99 ถ้า val เล็กมาก)"
}